"HHID","EAID","event","stateEA","SSR_Yplot","BRR_Yplot","ZCC_Yplot","plotL1_BRR","plotL2_BRR","plotW1_BRR","plotW2_BRR","plotL1_SSR","plotL2_SSR","plotW1_SSR","plotW2_SSR","plotL1_ZCC","plotL2_ZCC","plotW1_ZCC","plotW2_ZCC","riceSystem","plotSizeBRR","plotSizeSSR","plotSizeZCC","ZCC_Yha","X","moistZCC","moistBRR","moistSSR","moistureBRR","moistureSSR","moistureZCC","SSR_BRR","SSR_ZCC","BRR_ZCC","eSSR","plot","incrBRR","incrSSR","yield","SSR_Yha","BRR_Yha","incr_Y"
"SGHHNG000351","SGEANG000103","event6R","benue",29.35,32.45,9.51,10,10,10,10,10,10,10,10,10,10,5,5,"rainfedLowland",100,100,50,1.83545146726862,1,18.8,19.6,19.3,19.7333333333333,19.5666666666667,18.1333333333333,-0.166666666666668,1.43333333333333,1.6,-0.291260641465128,"BRR",1.25416434564898,0.962903704183847,3.0896158129176,2.79835517145247,3.0896158129176,1.25416434564898
"SGHHNG000351","SGEANG000103","event6R","benue",29.35,32.45,9.51,10,10,10,10,10,10,10,10,10,10,5,5,"rainfedLowland",100,100,50,1.83545146726862,1,18.8,19.6,19.3,19.7333333333333,19.5666666666667,18.1333333333333,-0.166666666666668,1.43333333333333,1.6,-0.291260641465128,"SSR",1.25416434564898,0.962903704183847,2.79835517145247,2.79835517145247,3.0896158129176,0.962903704183847
"SGHHNG000352","SGEANG000103","event6R","benue",22.25,26.3,9.531,10,10,10,10,10,10,10,10,10,10,5,5,"rainfedLowland",100,100,50,1.94197319034853,2,11.9,16.6,12,16.1,11.7666666666667,11.9,-4.33333333333333,-0.133333333333333,4.2,-0.31296875565944,"BRR",0.640455750219946,0.327486994560506,2.58242894056848,2.26946018490904,2.58242894056848,0.640455750219946
"SGHHNG000352","SGEANG000103","event6R","benue",22.25,26.3,9.531,10,10,10,10,10,10,10,10,10,10,5,5,"rainfedLowland",100,100,50,1.94197319034853,2,11.9,16.6,12,16.1,11.7666666666667,11.9,-4.33333333333333,-0.133333333333333,4.2,-0.31296875565944,"SSR",0.640455750219946,0.327486994560506,2.26946018490904,2.26946018490904,2.58242894056848,0.327486994560506
"SGHHNG000358","SGEANG000103","event6R","benue",28.35,30.95,11.25,10,10,10,10,10,10,10,10,10,10,5,5,"rainfedLowland",100,100,50,2.17005076142132,4,18.3,19.7,19.5,19.6666666666667,19.7,18.2,0.0333333333333314,1.5,1.46666666666667,-0.248440111420611,"BRR",0.778389349999292,0.529949238578681,2.94844011142061,2.7,2.94844011142061,0.778389349999292
"SGHHNG000358","SGEANG000103","event6R","benue",28.35,30.95,11.25,10,10,10,10,10,10,10,10,10,10,5,5,"rainfedLowland",100,100,50,2.17005076142132,4,18.3,19.7,19.5,19.6666666666667,19.7,18.2,0.0333333333333314,1.5,1.46666666666667,-0.248440111420611,"SSR",0.778389349999292,0.529949238578681,2.7,2.7,2.94844011142061,0.529949238578681
"SGHHNG000359","SGEANG000103","event6R","benue",25.42,28.32,12.12,10,10,10,10,10,10,10,10,10,10,5,5,"rainfedLowland",100,100,50,2.46802024412027,5,11.5,12.4,17.7,14.0666666666667,17.8,11.9666666666667,3.73333333333333,5.83333333333333,2.1,-0.370344827586205,"BRR",0.362324583465936,-0.00802024412026947,2.83034482758621,2.46,2.83034482758621,0.362324583465936
"SGHHNG000359","SGEANG000103","event6R","benue",25.42,28.32,12.12,10,10,10,10,10,10,10,10,10,10,5,5,"rainfedLowland",100,100,50,2.46802024412027,5,11.5,12.4,17.7,14.0666666666667,17.8,11.9666666666667,3.73333333333333,5.83333333333333,2.1,-0.370344827586205,"SSR",0.362324583465936,-0.00802024412026947,2.46,2.46,2.83034482758621,-0.00802024412026947
"SGHHNG000360","SGEANG000103","event6R","benue",22.31,20.65,9.38,10,10,10,10,10,10,10,10,10,10,5,5,"rainfedLowland",100,100,50,1.79466293706294,6,19.7,24.3,20.2,24.6333333333333,20,19.1666666666667,-4.63333333333333,0.833333333333332,5.46666666666667,0.230629459748596,"BRR",0.0941576031884646,0.32478706293706,1.8888205402514,2.11945,1.8888205402514,0.0941576031884646
"SGHHNG000360","SGEANG000103","event6R","benue",22.31,20.65,9.38,10,10,10,10,10,10,10,10,10,10,5,5,"rainfedLowland",100,100,50,1.79466293706294,6,19.7,24.3,20.2,24.6333333333333,20,19.1666666666667,-4.63333333333333,0.833333333333332,5.46666666666667,0.230629459748596,"SSR",0.0941576031884646,0.32478706293706,2.11945,2.11945,1.8888205402514,0.32478706293706
"SGHHNG000361","SGEANG000103","event6R","benue",20,22.27,10.4,10,10,10,10,10,10,10,10,10,10,5,5,"rainfedLowland",100,100,50,2.11525423728814,7,12.1,12,12.2,12.3,12.1666666666667,12.1,-0.133333333333335,0.0666666666666664,0.200000000000001,-0.228022927337225,"BRR",0.145458140271967,-0.0825647870652579,2.26071237756011,2.03268945022288,2.26071237756011,0.145458140271967
"SGHHNG000361","SGEANG000103","event6R","benue",20,22.27,10.4,10,10,10,10,10,10,10,10,10,10,5,5,"rainfedLowland",100,100,50,2.11525423728814,7,12.1,12,12.2,12.3,12.1666666666667,12.1,-0.133333333333335,0.0666666666666664,0.200000000000001,-0.228022927337225,"SSR",0.145458140271967,-0.0825647870652579,2.03268945022288,2.03268945022288,2.26071237756011,-0.0825647870652579
"SGHHNG000365","SGEANG000103","event6R","benue",26.05,29.08,10.55,10,10,10,10,10,10,10,10,10,10,5,5,"rainfedLowland",100,100,50,2.14831795177136,8,11.6,11.9,11.8,12.6,12.4666666666667,11.9666666666667,-0.133333333333333,0.5,0.633333333333333,-0.303640597148185,"BRR",0.795838353734857,0.492197756586672,2.94415630550622,2.64051570835803,2.94415630550622,0.795838353734857
"SGHHNG000365","SGEANG000103","event6R","benue",26.05,29.08,10.55,10,10,10,10,10,10,10,10,10,10,5,5,"rainfedLowland",100,100,50,2.14831795177136,8,11.6,11.9,11.8,12.6,12.4666666666667,11.9666666666667,-0.133333333333333,0.5,0.633333333333333,-0.303640597148185,"SSR",0.795838353734857,0.492197756586672,2.64051570835803,2.64051570835803,2.94415630550622,0.492197756586672
"SGHHNG000371","SGEANG000102","event6R","benue",27.06,27,7.492,10,10,10,10,10,10,10,10,10,10,5,5,"rainfedLowland",100,100,50,1.45574910516448,9,17.5,14.2,15.4,14.7,15.4433333333333,17.34,0.743333333333334,-1.89666666666667,-2.64,-0.0113540685968805,"BRR",1.22777312674485,1.21641905814797,2.68352223190933,2.67216816331245,2.68352223190933,1.22777312674485
"SGHHNG000371","SGEANG000102","event6R","benue",27.06,27,7.492,10,10,10,10,10,10,10,10,10,10,5,5,"rainfedLowland",100,100,50,1.45574910516448,9,17.5,14.2,15.4,14.7,15.4433333333333,17.34,0.743333333333334,-1.89666666666667,-2.64,-0.0113540685968805,"SSR",1.22777312674485,1.21641905814797,2.67216816331245,2.67216816331245,2.68352223190933,1.21641905814797
"SGHHNG000372","SGEANG000102","event6R","benue",31.855,27.855,9.025,10,10,10,10,10,10,10,10,10,10,5,5,"rainfedLowland",100,100,50,1.74135401974612,10,18.4,18.4,18.6,19.7333333333333,18.8,18.1666666666667,-0.933333333333334,0.633333333333333,1.56666666666667,0.404674332410969,"BRR",0.910764577135841,1.31543890954681,2.65211859688196,3.05679292929293,2.65211859688196,0.910764577135841
"SGHHNG000372","SGEANG000102","event6R","benue",31.855,27.855,9.025,10,10,10,10,10,10,10,10,10,10,5,5,"rainfedLowland",100,100,50,1.74135401974612,10,18.4,18.4,18.6,19.7333333333333,18.8,18.1666666666667,-0.933333333333334,0.633333333333333,1.56666666666667,0.404674332410969,"SSR",0.910764577135841,1.31543890954681,3.05679292929293,3.05679292929293,2.65211859688196,1.31543890954681
"SGHHNG000373","SGEANG000102","event6R","benue",28.08,28.19,8.28,10,10,10,10,10,10,10,10,10,10,5,5,"rainfedLowland",100,100,50,1.57802173307328,11,18.6,17.6,18.1,17.6,18.2666666666667,19.6333333333333,0.666666666666664,-1.36666666666667,-2.03333333333333,-0.026007351080231,"BRR",1.15468234855937,1.12867499747914,2.73270408163265,2.70669673055242,2.73270408163265,1.15468234855937
"SGHHNG000373","SGEANG000102","event6R","benue",28.08,28.19,8.28,10,10,10,10,10,10,10,10,10,10,5,5,"rainfedLowland",100,100,50,1.57802173307328,11,18.6,17.6,18.1,17.6,18.2666666666667,19.6333333333333,0.666666666666664,-1.36666666666667,-2.03333333333333,-0.026007351080231,"SSR",1.15468234855937,1.12867499747914,2.70669673055242,2.70669673055242,2.73270408163265,1.12867499747914
"SGHHNG000374","SGEANG000102","event6R","benue",28.59,25.35,19.05,10,10,10,10,10,10,10,10,10,10,5,5,"rainfedLowland",100,100,50,3.66841216216216,12,18.4,18.4,18.6,18.4333333333333,18.5333333333333,18.4,0.100000000000001,0.133333333333336,0.033333333333335,0.309549966013607,"BRR",-1.2283052102905,-0.918755244276895,2.44010695187166,2.74965691788527,2.44010695187166,-1.2283052102905
"SGHHNG000374","SGEANG000102","event6R","benue",28.59,25.35,19.05,10,10,10,10,10,10,10,10,10,10,5,5,"rainfedLowland",100,100,50,3.66841216216216,12,18.4,18.4,18.6,18.4333333333333,18.5333333333333,18.4,0.100000000000001,0.133333333333336,0.033333333333335,0.309549966013607,"SSR",-1.2283052102905,-0.918755244276895,2.74965691788527,2.74965691788527,2.44010695187166,-0.918755244276895
"SGHHNG000378","SGEANG000102","event6R","benue",25,23.05,18.4,10,10,10,10,10,10,10,10,10,10,5,5,"rainfedLowland",100,100,50,3.53418887422426,13,18.01,18.6,18.4,18.4666666666667,18.4333333333333,18.7033333333333,-0.0333333333333314,-0.27,-0.236666666666668,0.188324821922426,"BRR",-1.31609658384722,-1.12777176192479,2.21809229037704,2.40641711229947,2.21809229037704,-1.31609658384722
"SGHHNG000378","SGEANG000102","event6R","benue",25,23.05,18.4,10,10,10,10,10,10,10,10,10,10,5,5,"rainfedLowland",100,100,50,3.53418887422426,13,18.01,18.6,18.4,18.4666666666667,18.4333333333333,18.7033333333333,-0.0333333333333314,-0.27,-0.236666666666668,0.188324821922426,"SSR",-1.31609658384722,-1.12777176192479,2.40641711229947,2.40641711229947,2.21809229037704,-1.12777176192479
"SGHHNG000379","SGEANG000102","event6R","benue",25.1,25.05,7.92,10,10,10,10,10,10,10,10,10,10,5,5,"rainfedLowland",100,100,50,1.52775882004569,14,18.4,18.5,19.4,18.3133333333333,18.9333333333333,18.1966666666667,0.620000000000001,0.736666666666668,0.116666666666667,-0.00778990057310303,"BRR",0.885916730751628,0.878126830178525,2.41367555079732,2.40588565022422,2.41367555079732,0.885916730751628
"SGHHNG000379","SGEANG000102","event6R","benue",25.1,25.05,7.92,10,10,10,10,10,10,10,10,10,10,5,5,"rainfedLowland",100,100,50,1.52775882004569,14,18.4,18.5,19.4,18.3133333333333,18.9333333333333,18.1966666666667,0.620000000000001,0.736666666666668,0.116666666666667,-0.00778990057310303,"SSR",0.885916730751628,0.878126830178525,2.40588565022422,2.40588565022422,2.41367555079732,0.878126830178525
"SGHHNG000383","SGEANG000102","event6R","benue",26.06,26.53,8.78,10,10,10,10,10,10,10,10,10,10,5,5,"rainfedLowland",100,100,50,1.69169577464789,15,18.2,20.6,19.9,20.5,20.2,18.3333333333333,-0.300000000000001,1.86666666666667,2.16666666666667,-0.0383114173472987,"BRR",0.818196341534683,0.779884924187384,2.50989211618257,2.47158069883527,2.50989211618257,0.818196341534683
"SGHHNG000383","SGEANG000102","event6R","benue",26.06,26.53,8.78,10,10,10,10,10,10,10,10,10,10,5,5,"rainfedLowland",100,100,50,1.69169577464789,15,18.2,20.6,19.9,20.5,20.2,18.3333333333333,-0.300000000000001,1.86666666666667,2.16666666666667,-0.0383114173472987,"SSR",0.818196341534683,0.779884924187384,2.47158069883527,2.47158069883527,2.50989211618257,0.779884924187384
"SGHHNG000384","SGEANG000102","event6R","benue",31.58,31.8,7.345,10,10,10,10,10,10,10,10,10,10,5,5,"rainfedLowland",100,100,50,NA,16,18,18.2,17,17.5333333333333,17.1,17.9333333333333,-0.433333333333334,-0.833333333333332,-0.399999999999999,-0.0100036377322459,"BRR",NA,NA,3.08440158820193,3.07439795046968,3.08440158820193,NA
"SGHHNG000384","SGEANG000102","event6R","benue",31.58,31.8,7.345,10,10,10,10,10,10,10,10,10,10,5,5,"rainfedLowland",100,100,50,NA,16,18,18.2,17,17.5333333333333,17.1,17.9333333333333,-0.433333333333334,-0.833333333333332,-0.399999999999999,-0.0100036377322459,"SSR",NA,NA,3.07439795046968,3.07439795046968,3.08440158820193,NA
"SGHHNG000387","SGEANG000102","event6R","benue",29.04,27.14,19.19,10,10,10,10,10,10,10,10,10,10,5,5,"rainfedLowland",100,100,50,3.94149300342322,17,11,11,11,11.0033333333333,11,11.0066666666667,-0.00333333333333385,-0.00666666666666593,-0.00333333333333208,0.195218836866354,"BRR",-1.15422535380309,-0.959006516936733,2.78726764962013,2.98248648648649,2.78726764962013,-1.15422535380309
"SGHHNG000387","SGEANG000102","event6R","benue",29.04,27.14,19.19,10,10,10,10,10,10,10,10,10,10,5,5,"rainfedLowland",100,100,50,3.94149300342322,17,11,11,11,11.0033333333333,11,11.0066666666667,-0.00333333333333385,-0.00666666666666593,-0.00333333333333208,0.195218836866354,"SSR",-1.15422535380309,-0.959006516936733,2.98248648648649,2.98248648648649,2.78726764962013,-0.959006516936733
"SGHHNG000393","SGEANG000101","event6R","benue",17.3,21.3,6.2,10,10,10,10,10,10,10,10,10,10,5,5,"rainfedLowland",100,100,50,1.1895652173913,18,21.7,21.6,24.6,18.7333333333333,19.9,18.8333333333333,1.16666666666667,1.06666666666667,-0.100000000000001,-0.400216304153893,"BRR",0.855521812367263,0.455305508213371,2.04508702975856,1.64487072560467,2.04508702975856,0.855521812367263
"SGHHNG000393","SGEANG000101","event6R","benue",17.3,21.3,6.2,10,10,10,10,10,10,10,10,10,10,5,5,"rainfedLowland",100,100,50,1.1895652173913,18,21.7,21.6,24.6,18.7333333333333,19.9,18.8333333333333,1.16666666666667,1.06666666666667,-0.100000000000001,-0.400216304153893,"SSR",0.855521812367263,0.455305508213371,1.64487072560467,1.64487072560467,2.04508702975856,0.455305508213371
"SGHHNG000395","SGEANG000101","event6R","benue",19.7,2,2,10,10,10,10,10,10,10,10,10,10,5,5,"rainfedLowland",100,100,50,0.399182958856143,19,13.3,13.7,13.4,13.9,14.1333333333333,14.2333333333333,0.233333333333333,-0.100000000000001,-0.333333333333334,1.76752300550573,"BRR",-0.199007366231033,1.5685156392747,0.20017559262511,1.96769859813084,0.20017559262511,-0.199007366231033
"SGHHNG000395","SGEANG000101","event6R","benue",19.7,2,2,10,10,10,10,10,10,10,10,10,10,5,5,"rainfedLowland",100,100,50,0.399182958856143,19,13.3,13.7,13.4,13.9,14.1333333333333,14.2333333333333,0.233333333333333,-0.100000000000001,-0.333333333333334,1.76752300550573,"SSR",-0.199007366231033,1.5685156392747,1.96769859813084,1.96769859813084,0.20017559262511,1.5685156392747
"SGHHNG000399","SGEANG000101","event6R","benue",21.2,23.6,13.2,10,10,10,10,10,10,10,10,10,10,5,5,"rainfedLowland",100,100,50,2.57892030848329,20,17,15.6,17,14.4333333333333,14.9666666666667,16.7,0.533333333333333,-1.73333333333333,-2.26666666666667,-0.248888666674495,"BRR",-0.227857098462898,-0.476745765137393,2.35106321002039,2.1021745433459,2.35106321002039,-0.227857098462898
"SGHHNG000399","SGEANG000101","event6R","benue",21.2,23.6,13.2,10,10,10,10,10,10,10,10,10,10,5,5,"rainfedLowland",100,100,50,2.57892030848329,20,17,15.6,17,14.4333333333333,14.9666666666667,16.7,0.533333333333333,-1.73333333333333,-2.26666666666667,-0.248888666674495,"SSR",-0.227857098462898,-0.476745765137393,2.1021745433459,2.1021745433459,2.35106321002039,-0.476745765137393
"SGHHNG000403","SGEANG000101","event6R","benue",18.6,2,7.8,10,10,10,10,10,10,10,10,10,10,5,5,"rainfedLowland",100,100,50,1.52827270123174,21,16.2,16.2,17.2,17.0333333333333,14.4,16.3666666666667,-2.63333333333333,-1.96666666666667,0.666666666666668,1.6586802118417,"BRR",-1.33345640957694,0.325223802264764,0.194816291654799,1.8534965034965,0.194816291654799,-1.33345640957694
"SGHHNG000403","SGEANG000101","event6R","benue",18.6,2,7.8,10,10,10,10,10,10,10,10,10,10,5,5,"rainfedLowland",100,100,50,1.52827270123174,21,16.2,16.2,17.2,17.0333333333333,14.4,16.3666666666667,-2.63333333333333,-1.96666666666667,0.666666666666668,1.6586802118417,"SSR",-1.33345640957694,0.325223802264764,1.8534965034965,1.8534965034965,0.194816291654799,0.325223802264764
"SGHHNG000404","SGEANG000101","event6R","benue",226,2,2,10,10,10,10,10,10,10,10,10,10,5,5,"rainfedLowland",100,100,50,0.4,22,17,15,15,14.6666666666667,14.3333333333333,14,-0.333333333333332,0.333333333333334,0.666666666666666,NA,"BRR",-0.201162790697674,NA,0.198837209302326,NA,0.198837209302326,-0.201162790697674
"SGHHNG000404","SGEANG000101","event6R","benue",226,2,2,10,10,10,10,10,10,10,10,10,10,5,5,"rainfedLowland",100,100,50,0.4,22,17,15,15,14.6666666666667,14.3333333333333,14,-0.333333333333332,0.333333333333334,0.666666666666666,NA,"SSR",-0.201162790697674,NA,NA,NA,0.198837209302326,NA
"SGHHNG000406","SGEANG000101","event6R","benue",17.3,29.73,7.9,10,10,10,10,10,10,10,10,10,10,5,5,"rainfedLowland",100,100,50,1.53992590481619,23,17.3,21.3,16.5,19.0333333333333,17.0333333333333,16.9666666666667,-2,0.06666666666667,2.06666666666667,-1.16212555156291,"BRR",1.30736056956074,0.145235017997824,2.84728647437693,1.68516092281401,2.84728647437693,1.30736056956074
"SGHHNG000406","SGEANG000101","event6R","benue",17.3,29.73,7.9,10,10,10,10,10,10,10,10,10,10,5,5,"rainfedLowland",100,100,50,1.53992590481619,23,17.3,21.3,16.5,19.0333333333333,17.0333333333333,16.9666666666667,-2,0.06666666666667,2.06666666666667,-1.16212555156291,"SSR",1.30736056956074,0.145235017997824,1.68516092281401,1.68516092281401,2.84728647437693,0.145235017997824
"SGHHNG000407","SGEANG000101","event6R","benue",232,23,2,10,10,10,10,10,10,10,10,10,10,5,5,"rainfedLowland",100,100,50,0.398833819241983,24,14,14,16,15.6666666666667,14,14.3333333333333,-1.66666666666667,-0.333333333333334,1.33333333333333,NA,"BRR",1.86802497038338,NA,2.26685878962536,NA,2.26685878962536,1.86802497038338
"SGHHNG000407","SGEANG000101","event6R","benue",232,23,2,10,10,10,10,10,10,10,10,10,10,5,5,"rainfedLowland",100,100,50,0.398833819241983,24,14,14,16,15.6666666666667,14,14.3333333333333,-1.66666666666667,-0.333333333333334,1.33333333333333,NA,"SSR",1.86802497038338,NA,NA,NA,2.26685878962536,NA
"SGHHNG000408","SGEANG000101","event6R","benue",19.5,23.5,7.6,10,10,10,10,10,10,10,10,10,10,5,5,"rainfedLowland",100,100,50,1.50155979202773,25,16.2,15.9,16.2,17.3,16.6,15.4,-0.700000000000003,1.2,1.9,-0.377369457739095,"BRR",0.78232767600296,0.404958218263866,2.28388746803069,1.9065180102916,2.28388746803069,0.78232767600296
"SGHHNG000408","SGEANG000101","event6R","benue",19.5,23.5,7.6,10,10,10,10,10,10,10,10,10,10,5,5,"rainfedLowland",100,100,50,1.50155979202773,25,16.2,15.9,16.2,17.3,16.6,15.4,-0.700000000000003,1.2,1.9,-0.377369457739095,"SSR",0.78232767600296,0.404958218263866,1.9065180102916,1.9065180102916,2.28388746803069,0.404958218263866
"SGHHNG000409","SGEANG000101","event6R","benue",21,23,21,10,10,10,10,10,10,10,10,10,10,5,5,"rainfedLowland",100,100,50,4.13948126801153,26,14,17,18,15.3333333333333,17.3333333333333,15.6666666666667,2,1.66666666666667,-0.333333333333332,-0.233069495533369,"BRR",-1.86607086338725,-2.09914035892062,2.27341040462428,2.04034090909091,2.27341040462428,-1.86607086338725
"SGHHNG000409","SGEANG000101","event6R","benue",21,23,21,10,10,10,10,10,10,10,10,10,10,5,5,"rainfedLowland",100,100,50,4.13948126801153,26,14,17,18,15.3333333333333,17.3333333333333,15.6666666666667,2,1.66666666666667,-0.333333333333332,-0.233069495533369,"SSR",-1.86607086338725,-2.09914035892062,2.04034090909091,2.04034090909091,2.27341040462428,-2.09914035892062
"SGHHNG000410","SGEANG000101","event6R","benue",2,2.57,2,10,10,10,10,10,10,10,10,10,10,5,5,"rainfedLowland",100,100,50,0.393103448275862,27,15,19,17,18,17.3333333333333,16,-0.666666666666668,1.33333333333333,2,-0.0539699537750384,"BRR",-0.144815312682642,-0.19878526645768,0.24828813559322,0.194318181818182,0.24828813559322,-0.144815312682642
"SGHHNG000410","SGEANG000101","event6R","benue",2,2.57,2,10,10,10,10,10,10,10,10,10,10,5,5,"rainfedLowland",100,100,50,0.393103448275862,27,15,19,17,18,17.3333333333333,16,-0.666666666666668,1.33333333333333,2,-0.0539699537750384,"SSR",-0.144815312682642,-0.19878526645768,0.194318181818182,0.194318181818182,0.24828813559322,-0.19878526645768
"SGHHNG000411","SGEANG000104","event6R","benue",28.431,36.201,9,9.8,9.8,9.6,9.6,9.8,9.8,9.6,9.6,9.8,9.8,4.8,4.8,"rainfedLowland",94.08,94.08,47.04,1.87596540909942,28,16.2,16.6,17.6,16.8666666666667,18.0333333333333,16.2666666666667,1.16666666666667,1.76666666666667,0.600000000000001,-0.834771641867315,"BRR",1.87754351728916,1.04277187542185,3.75350892638858,2.91873728452127,3.75350892638858,1.87754351728916
"SGHHNG000411","SGEANG000104","event6R","benue",28.431,36.201,9,9.8,9.8,9.6,9.6,9.8,9.8,9.6,9.6,9.8,9.8,4.8,4.8,"rainfedLowland",94.08,94.08,47.04,1.87596540909942,28,16.2,16.6,17.6,16.8666666666667,18.0333333333333,16.2666666666667,1.16666666666667,1.76666666666667,0.600000000000001,-0.834771641867315,"SSR",1.87754351728916,1.04277187542185,2.91873728452127,2.91873728452127,3.75350892638858,1.04277187542185
"SGHHNG000412","SGEANG000104","event6R","benue",27.3,37.77,10.925,9.7,9.7,9.6,9.6,9.7,9.7,9.6,9.6,9.7,9.7,4.8,4.8,"rainfedLowland",93.12,93.12,46.56,2.26433597658886,29,18.8,19.3,19.4,19.5666666666667,19.2,18.1333333333333,-0.366666666666667,1.06666666666667,1.43333333333333,-1.0634107899053,"BRR",1.60288284625077,0.539472056345479,3.86721882283963,2.80380803293434,3.86721882283963,1.60288284625077
"SGHHNG000412","SGEANG000104","event6R","benue",27.3,37.77,10.925,9.7,9.7,9.6,9.6,9.7,9.7,9.6,9.6,9.7,9.7,4.8,4.8,"rainfedLowland",93.12,93.12,46.56,2.26433597658886,29,18.8,19.3,19.4,19.5666666666667,19.2,18.1333333333333,-0.366666666666667,1.06666666666667,1.43333333333333,-1.0634107899053,"SSR",1.60288284625077,0.539472056345479,2.80380803293434,2.80380803293434,3.86721882283963,0.539472056345479
"SGHHNG000414","SGEANG000104","event6R","benue",39.022,34.541,12.7,9.7,9.7,9.6,9.6,9.7,9.7,9.6,9.6,9.7,9.7,4.8,4.8,"rainfedLowland",93.12,93.12,46.56,2.63445587331903,30,18.2,18.9,19.6,18.1666666666667,19.0333333333333,18.0333333333333,0.866666666666664,0.999999999999996,0.133333333333333,0.434804515468472,"BRR",0.94405058997325,1.37885510544172,3.57850646329228,4.01331097876075,3.57850646329228,0.94405058997325
"SGHHNG000414","SGEANG000104","event6R","benue",39.022,34.541,12.7,9.7,9.7,9.6,9.6,9.7,9.7,9.6,9.6,9.7,9.7,4.8,4.8,"rainfedLowland",93.12,93.12,46.56,2.63445587331903,30,18.2,18.9,19.6,18.1666666666667,19.0333333333333,18.0333333333333,0.866666666666664,0.999999999999996,0.133333333333333,0.434804515468472,"SSR",0.94405058997325,1.37885510544172,4.01331097876075,4.01331097876075,3.57850646329228,1.37885510544172
"SGHHNG000415","SGEANG000104","event6R","benue",30.41,29.98,9.076,9.4,9.4,9.6,9.6,9.4,9.4,9.6,9.6,9.4,9.4,4.6,4.6,"rainfedLowland",90.24,90.24,43.24,1.9956963828167,31,19.8,19.4,17.8,18.3666666666667,17.4333333333333,19.9,-0.933333333333334,-2.46666666666667,-1.53333333333333,0.0716879819208809,"BRR",1.20399414487403,1.27568212679491,3.19969052769073,3.27137850961161,3.19969052769073,1.20399414487403
"SGHHNG000415","SGEANG000104","event6R","benue",30.41,29.98,9.076,9.4,9.4,9.6,9.6,9.4,9.4,9.6,9.6,9.4,9.4,4.6,4.6,"rainfedLowland",90.24,90.24,43.24,1.9956963828167,31,19.8,19.4,17.8,18.3666666666667,17.4333333333333,19.9,-0.933333333333334,-2.46666666666667,-1.53333333333333,0.0716879819208809,"SSR",1.20399414487403,1.27568212679491,3.27137850961161,3.27137850961161,3.19969052769073,1.27568212679491
"SGHHNG000419","SGEANG000104","event6R","benue",28.921,33.736,11.201,9.8,9.8,9.6,9.6,9.8,9.8,9.6,9.6,9.8,9.8,4.8,4.8,"rainfedLowland",94.08,94.08,47.04,2.25646555380257,32,19.4,22.1,20.4,21.8,20.7666666666667,20.3,-1.03333333333333,0.466666666666665,1.5,-0.454404395717027,"BRR",1.09978088565991,0.645376489942888,3.35624643946248,2.90184204374546,3.35624643946248,1.09978088565991
"SGHHNG000419","SGEANG000104","event6R","benue",28.921,33.736,11.201,9.8,9.8,9.6,9.6,9.8,9.8,9.6,9.6,9.8,9.8,4.8,4.8,"rainfedLowland",94.08,94.08,47.04,2.25646555380257,32,19.4,22.1,20.4,21.8,20.7666666666667,20.3,-1.03333333333333,0.466666666666665,1.5,-0.454404395717027,"SSR",1.09978088565991,0.645376489942888,2.90184204374546,2.90184204374546,3.35624643946248,0.645376489942888
"SGHHNG000420","SGEANG000104","event6R","benue",35.845,32.632,10.71,9.6,9.6,9.7,9.7,9.6,9.6,9.7,9.7,9.6,9.6,4.8,4.8,"rainfedLowland",93.12,93.12,46.08,2.23470006325555,33,18.4,16.6,17.2,17.1333333333333,17.4,18.5666666666667,0.266666666666666,-1.16666666666667,-1.43333333333333,0.327299198031406,"BRR",1.17585506527305,1.50315426330445,3.4105551285286,3.73785432656,3.4105551285286,1.17585506527305
"SGHHNG000420","SGEANG000104","event6R","benue",35.845,32.632,10.71,9.6,9.6,9.7,9.7,9.6,9.6,9.7,9.7,9.6,9.6,4.8,4.8,"rainfedLowland",93.12,93.12,46.08,2.23470006325555,33,18.4,16.6,17.2,17.1333333333333,17.4,18.5666666666667,0.266666666666666,-1.16666666666667,-1.43333333333333,0.327299198031406,"SSR",1.17585506527305,1.50315426330445,3.73785432656,3.73785432656,3.4105551285286,1.50315426330445
"SGHHNG000421","SGEANG000104","event6R","benue",39.66,36.765,8.675,9.8,9.8,9.6,9.6,9.8,9.8,9.6,9.6,9.8,9.8,4.8,4.8,"rainfedLowland",94.08,94.08,47.04,1.80150787821555,34,16.5,16.8,18.7,17.0333333333333,21.2666666666667,16.7,4.23333333333333,4.56666666666667,0.333333333333336,0.156393243298856,"BRR",2.00505088171679,2.16144412501565,3.80655875993234,3.9629520032312,3.80655875993234,2.00505088171679
"SGHHNG000421","SGEANG000104","event6R","benue",39.66,36.765,8.675,9.8,9.8,9.6,9.6,9.8,9.8,9.6,9.6,9.8,9.8,4.8,4.8,"rainfedLowland",94.08,94.08,47.04,1.80150787821555,34,16.5,16.8,18.7,17.0333333333333,21.2666666666667,16.7,4.23333333333333,4.56666666666667,0.333333333333336,0.156393243298856,"SSR",2.00505088171679,2.16144412501565,3.9629520032312,3.9629520032312,3.80655875993234,2.16144412501565
"SGHHNG000422","SGEANG000104","event6R","benue",27.34,29.76,9.611,9.6,9.6,9.5,9.5,9.6,9.6,9.5,9.5,9.6,9.6,4.8,4.8,"rainfedLowland",91.2,91.2,46.08,2.07963966836735,35,14.8,16.9,16.9,17.2333333333333,17.1333333333333,14.3333333333333,-0.100000000000001,2.8,2.9,-0.25554368900773,"BRR",1.093519273913,0.837975584905274,3.17315894228035,2.91761525327262,3.17315894228035,1.093519273913
"SGHHNG000422","SGEANG000104","event6R","benue",27.34,29.76,9.611,9.6,9.6,9.5,9.5,9.6,9.6,9.5,9.5,9.6,9.6,4.8,4.8,"rainfedLowland",91.2,91.2,46.08,2.07963966836735,35,14.8,16.9,16.9,17.2333333333333,17.1333333333333,14.3333333333333,-0.100000000000001,2.8,2.9,-0.25554368900773,"SSR",1.093519273913,0.837975584905274,2.91761525327262,2.91761525327262,3.17315894228035,0.837975584905274
"SGHHNG000425","SGEANG000104","event6R","benue",31.643,34.735,10.101,9.7,9.7,9.6,9.6,9.7,9.7,9.6,9.6,9.7,9.7,4.8,4.8,"rainfedLowland",93.12,93.12,46.56,2.12533628446639,36,16.2,16.4,17.6,16.9666666666667,17.7666666666667,16.3666666666667,0.799999999999997,1.4,0.600000000000001,-0.34612096549889,"BRR",1.51018819896796,1.16406723346907,3.63552448343435,3.28940351793546,3.63552448343435,1.51018819896796
"SGHHNG000425","SGEANG000104","event6R","benue",31.643,34.735,10.101,9.7,9.7,9.6,9.6,9.7,9.7,9.6,9.6,9.7,9.7,4.8,4.8,"rainfedLowland",93.12,93.12,46.56,2.12533628446639,36,16.2,16.4,17.6,16.9666666666667,17.7666666666667,16.3666666666667,0.799999999999997,1.4,0.600000000000001,-0.34612096549889,"SSR",1.51018819896796,1.16406723346907,3.28940351793546,3.28940351793546,3.63552448343435,1.16406723346907
"SGHHNG000431","SGEANG000105","event6R","kaduna",40.9,45.6,21.2,10,10,10,10,10,10,10,10,10,10,5,5,"rainfedLowland",100,100,50,4.27626069006193,37,12.8,12.6,12.9,13.0333333333333,13.1666666666667,13.0333333333333,0.133333333333333,0.133333333333333,0,-0.478879525591656,"BRR",0.32273665585373,-0.156142869737926,4.59899734591566,4.120117820324,4.59899734591566,0.32273665585373
"SGHHNG000431","SGEANG000105","event6R","kaduna",40.9,45.6,21.2,10,10,10,10,10,10,10,10,10,10,5,5,"rainfedLowland",100,100,50,4.27626069006193,37,12.8,12.6,12.9,13.0333333333333,13.1666666666667,13.0333333333333,0.133333333333333,0.133333333333333,0,-0.478879525591656,"SSR",0.32273665585373,-0.156142869737926,4.120117820324,4.120117820324,4.59899734591566,-0.156142869737926
"SGHHNG000432","SGEANG000105","event6R","kaduna",61.11,52.47,19.4,10,10,10,10,10,10,10,10,10,10,5,5,"rainfedLowland",100,100,50,3.89938289744343,38,12.9,12.11,12.9,12.8666666666667,13.9,13.4333333333333,1.03333333333333,0.466666666666667,-0.566666666666666,0.816678286410967,"BRR",1.40030404880583,2.2169823352168,5.29968694624926,6.11636523266023,5.29968694624926,1.40030404880583
"SGHHNG000432","SGEANG000105","event6R","kaduna",61.11,52.47,19.4,10,10,10,10,10,10,10,10,10,10,5,5,"rainfedLowland",100,100,50,3.89938289744343,38,12.9,12.11,12.9,12.8666666666667,13.9,13.4333333333333,1.03333333333333,0.466666666666667,-0.566666666666666,0.816678286410967,"SSR",1.40030404880583,2.2169823352168,6.11636523266023,6.11636523266023,5.29968694624926,2.2169823352168
"SGHHNG000434","SGEANG000105","event6R","kaduna",49.8,51.2,18.1,10,10,10,10,10,10,10,10,10,10,5,5,"rainfedLowland",100,100,50,3.64450986164263,39,12.9,12.1,12.9,13.2666666666667,13.2,13.2333333333333,-0.0666666666666682,-0.033333333333335,0.0333333333333332,-0.137954564834437,"BRR",1.50863904948156,1.37068448464712,5.15314891112419,5.01519434628975,5.15314891112419,1.50863904948156
"SGHHNG000434","SGEANG000105","event6R","kaduna",49.8,51.2,18.1,10,10,10,10,10,10,10,10,10,10,5,5,"rainfedLowland",100,100,50,3.64450986164263,39,12.9,12.1,12.9,13.2666666666667,13.2,13.2333333333333,-0.0666666666666682,-0.033333333333335,0.0333333333333332,-0.137954564834437,"SSR",1.50863904948156,1.37068448464712,5.01519434628975,5.01519434628975,5.15314891112419,1.37068448464712
"SGHHNG000436","SGEANG000105","event6R","kaduna",51.2,45.9,18.5,10,10,10,10,10,10,10,10,10,10,5,5,"rainfedLowland",100,100,50,3.72614840989399,40,12.8,13.3,13.1,13.1666666666667,13.2333333333333,13.2,0.0666666666666664,0.0333333333333332,-0.0333333333333332,0.530866176211102,"BRR",0.897651295555198,1.4285174717663,4.62379970544919,5.15466588166029,4.62379970544919,0.897651295555198
"SGHHNG000436","SGEANG000105","event6R","kaduna",51.2,45.9,18.5,10,10,10,10,10,10,10,10,10,10,5,5,"rainfedLowland",100,100,50,3.72614840989399,40,12.8,13.3,13.1,13.1666666666667,13.2333333333333,13.2,0.0666666666666664,0.0333333333333332,-0.0333333333333332,0.530866176211102,"SSR",0.897651295555198,1.4285174717663,5.15466588166029,5.15466588166029,4.62379970544919,1.4285174717663
"SGHHNG000449","SGEANG000105","event6R","kaduna",58.9,53.5,16.6,10,10,10,10,10,10,10,10,10,10,5,5,"rainfedLowland",100,100,50,3.36825867695046,41,12.1,12.2,12.4,12.3666666666667,12.6,12.3666666666667,0.233333333333333,0.233333333333333,0,0.535466440589018,"BRR",2.05950756452091,2.59497400510993,5.42776624147137,5.96323268206039,5.42776624147137,2.05950756452091
"SGHHNG000449","SGEANG000105","event6R","kaduna",58.9,53.5,16.6,10,10,10,10,10,10,10,10,10,10,5,5,"rainfedLowland",100,100,50,3.36825867695046,41,12.1,12.2,12.4,12.3666666666667,12.6,12.3666666666667,0.233333333333333,0.233333333333333,0,0.535466440589018,"SSR",2.05950756452091,2.59497400510993,5.96323268206039,5.96323268206039,5.42776624147137,2.59497400510993
"SGHHNG000453","SGEANG000106","event6R","kaduna",59.57,51.145,17.02,10,10,10,10,10,10,10,10,10,10,5,5,"rainfedLowland",100,100,50,3.33286000572574,42,16.7,17.2,17.9,17.8333333333333,17.9666666666667,16.4333333333333,0.133333333333333,1.53333333333333,1.4,0.808577998323786,"BRR",1.61525597730114,2.42383397562492,4.94811598302688,5.75669398135066,4.94811598302688,1.61525597730114
"SGHHNG000453","SGEANG000106","event6R","kaduna",59.57,51.145,17.02,10,10,10,10,10,10,10,10,10,10,5,5,"rainfedLowland",100,100,50,3.33286000572574,42,16.7,17.2,17.9,17.8333333333333,17.9666666666667,16.4333333333333,0.133333333333333,1.53333333333333,1.4,0.808577998323786,"SSR",1.61525597730114,2.42383397562492,5.75669398135066,5.75669398135066,4.94811598302688,2.42383397562492
"SGHHNG000455","SGEANG000106","event6R","kaduna",33.46,26.47,14.52,10,10,10,10,10,10,10,10,10,10,5,5,"rainfedLowland",100,100,50,2.90825183016105,43,14,16.1,15.7,16,14.5666666666667,13.8333333333333,-1.43333333333333,0.733333333333333,2.16666666666667,0.728088032867476,"BRR",-0.306889761195533,0.421198271671943,2.60136206896552,3.32945010183299,2.60136206896552,-0.306889761195533
"SGHHNG000455","SGEANG000106","event6R","kaduna",33.46,26.47,14.52,10,10,10,10,10,10,10,10,10,10,5,5,"rainfedLowland",100,100,50,2.90825183016105,43,14,16.1,15.7,16,14.5666666666667,13.8333333333333,-1.43333333333333,0.733333333333333,2.16666666666667,0.728088032867476,"SSR",-0.306889761195533,0.421198271671943,3.32945010183299,3.32945010183299,2.60136206896552,0.421198271671943
"SGHHNG000456","SGEANG000106","event6R","kaduna",47.38,35.36,12.14,10,10,10,10,10,10,10,10,10,10,5,5,"rainfedLowland",100,100,50,2.3779381443299,44,16.2,16,18.9,16.1333333333333,17.7,16.4,1.56666666666667,1.3,-0.266666666666666,1.11801214826462,"BRR",1.0931066317895,2.21111878005413,3.4710447761194,4.58905692438403,3.4710447761194,1.0931066317895
"SGHHNG000456","SGEANG000106","event6R","kaduna",47.38,35.36,12.14,10,10,10,10,10,10,10,10,10,10,5,5,"rainfedLowland",100,100,50,2.3779381443299,44,16.2,16,18.9,16.1333333333333,17.7,16.4,1.56666666666667,1.3,-0.266666666666666,1.11801214826462,"SSR",1.0931066317895,2.21111878005413,4.58905692438403,4.58905692438403,3.4710447761194,2.21111878005413
"SGHHNG000457","SGEANG000106","event6R","kaduna",37.06,30.06,10.86,10,10,10,10,10,10,10,10,10,10,5,5,"rainfedLowland",100,100,50,2.11149516770892,45,18.4,19.8,19.5,19.8333333333333,19.2,17.2666666666667,-0.633333333333333,1.93333333333333,2.56666666666667,0.684657092718261,"BRR",0.748176598633222,1.43283369135148,2.85967176634214,3.5443288590604,2.85967176634214,0.748176598633222
"SGHHNG000457","SGEANG000106","event6R","kaduna",37.06,30.06,10.86,10,10,10,10,10,10,10,10,10,10,5,5,"rainfedLowland",100,100,50,2.11149516770892,45,18.4,19.8,19.5,19.8333333333333,19.2,17.2666666666667,-0.633333333333333,1.93333333333333,2.56666666666667,0.684657092718261,"SSR",0.748176598633222,1.43283369135148,3.5443288590604,3.5443288590604,2.85967176634214,1.43283369135148
"SGHHNG000460","SGEANG000106","event6R","kaduna",30.01,46.55,20.71,10,10,10,10,10,10,10,10,10,10,5,5,"rainfedLowland",100,100,50,4.0496397941681,46,16.6,17.2,15.9,17.2333333333333,15.7666666666667,16.6,-1.46666666666667,-0.833333333333334,0.633333333333333,-1.57141059659958,"BRR",0.476973796960704,-1.09443679963888,4.5266135911288,2.95520299452923,4.5266135911288,0.476973796960704
"SGHHNG000460","SGEANG000106","event6R","kaduna",30.01,46.55,20.71,10,10,10,10,10,10,10,10,10,10,5,5,"rainfedLowland",100,100,50,4.0496397941681,46,16.6,17.2,15.9,17.2333333333333,15.7666666666667,16.6,-1.46666666666667,-0.833333333333334,0.633333333333333,-1.57141059659958,"SSR",0.476973796960704,-1.09443679963888,2.95520299452923,2.95520299452923,4.5266135911288,-1.09443679963888
"SGHHNG000462","SGEANG000106","event6R","kaduna",11.13,10.38,6.53,10,10,10,10,10,10,10,10,10,10,5,5,"rainfedLowland",100,100,50,1.29614625652931,47,14.2,14.8,16,15,15.2333333333333,14.8666666666667,0.233333333333333,0.366666666666665,0.133333333333333,0.0721137352064498,"BRR",-0.267172343485832,-0.195058608279382,1.02897391304348,1.10108764824993,1.02897391304348,-0.267172343485832
"SGHHNG000462","SGEANG000106","event6R","kaduna",11.13,10.38,6.53,10,10,10,10,10,10,10,10,10,10,5,5,"rainfedLowland",100,100,50,1.29614625652931,47,14.2,14.8,16,15,15.2333333333333,14.8666666666667,0.233333333333333,0.366666666666665,0.133333333333333,0.0721137352064498,"SSR",-0.267172343485832,-0.195058608279382,1.10108764824993,1.10108764824993,1.02897391304348,-0.195058608279382
"SGHHNG000468","SGEANG000106","event6R","kaduna",37,33.65,21.07,10,10,10,10,10,10,10,10,10,10,5,5,"rainfedLowland",100,100,50,4.10946107784431,48,16.4,16.4,16.2,16.9,16.4666666666667,16.9,-0.43333333333333,-0.43333333333333,0,0.340114423210166,"BRR",-0.827938408896492,-0.487823985686326,3.28152266894782,3.62163709215798,3.28152266894782,-0.827938408896492
"SGHHNG000468","SGEANG000106","event6R","kaduna",37,33.65,21.07,10,10,10,10,10,10,10,10,10,10,5,5,"rainfedLowland",100,100,50,4.10946107784431,48,16.4,16.4,16.2,16.9,16.4666666666667,16.9,-0.43333333333333,-0.43333333333333,0,0.340114423210166,"SSR",-0.827938408896492,-0.487823985686326,3.62163709215798,3.62163709215798,3.28152266894782,-0.487823985686326
"SGHHNG000480","SGEANG000109","event6R","kano",65.8,56.5,0,10.2,10.1,10,10,10,10,10.1,10.2,10,10,5,5,"irrigated",101.5,101.5,50,NA,49,0,16.4,14.3,16.0666666666667,13.7333333333333,0,-2.33333333333333,13.7333333333333,16.0666666666667,1.03057241693571,"BRR",NA,NA,5.46738610673329,6.497958523669,5.46738610673329,NA
"SGHHNG000480","SGEANG000109","event6R","kano",65.8,56.5,0,10.2,10.1,10,10,10,10,10.1,10.2,10,10,5,5,"irrigated",101.5,101.5,50,NA,49,0,16.4,14.3,16.0666666666667,13.7333333333333,0,-2.33333333333333,13.7333333333333,16.0666666666667,1.03057241693571,"SSR",NA,NA,6.497958523669,6.497958523669,5.46738610673329,NA
"SGHHNG000481","SGEANG000109","event6R","kano",71.55,66.4,0,10,10,10,10,10,10,10,10,10,10,5,5,"irrigated",100,100,50,NA,50,0,17,17.3,16.9,17.0333333333333,0,0.133333333333336,17.0333333333333,16.9,0.494274818552667,"BRR",NA,NA,6.47527801539778,6.96955283395044,6.47527801539778,NA
"SGHHNG000481","SGEANG000109","event6R","kano",71.55,66.4,0,10,10,10,10,10,10,10,10,10,10,5,5,"irrigated",100,100,50,NA,50,0,17,17.3,16.9,17.0333333333333,0,0.133333333333336,17.0333333333333,16.9,0.494274818552667,"SSR",NA,NA,6.96955283395044,6.96955283395044,6.47527801539778,NA
"SGHHNG000482","SGEANG000109","event6R","kano",60.6,54.7,0,10.3,10.2,10.2,10.2,10.2,10,10,10,10,10,5,5,"irrigated",104.55,101,50,NA,51,0,18,17,17.6,17.1333333333333,0,-0.466666666666669,17.1333333333333,17.6,0.767714334786486,"BRR",NA,NA,5.07178481148557,5.83949914627206,5.07178481148557,NA
"SGHHNG000482","SGEANG000109","event6R","kano",60.6,54.7,0,10.3,10.2,10.2,10.2,10.2,10,10,10,10,10,5,5,"irrigated",104.55,101,50,NA,51,0,18,17,17.6,17.1333333333333,0,-0.466666666666669,17.1333333333333,17.6,0.767714334786486,"SSR",NA,NA,5.83949914627206,5.83949914627206,5.07178481148557,NA
"SGHHNG000483","SGEANG000109","event6R","kano",68.1,62.3,0,10,10,10,10,10,10,10,10,10,10,5,5,"irrigated",100,100,50,NA,52,0,13.9,14.1,14.0333333333333,14.1333333333333,0,0.0999999999999996,14.1333333333333,14.0333333333333,0.57386549746344,"BRR",NA,NA,6.22817889505993,6.80204439252337,6.22817889505993,NA
"SGHHNG000483","SGEANG000109","event6R","kano",68.1,62.3,0,10,10,10,10,10,10,10,10,10,10,5,5,"irrigated",100,100,50,NA,52,0,13.9,14.1,14.0333333333333,14.1333333333333,0,0.0999999999999996,14.1333333333333,14.0333333333333,0.57386549746344,"SSR",NA,NA,6.80204439252337,6.80204439252337,6.22817889505993,NA
"SGHHNG000484","SGEANG000109","event6R","kano",68.8,62.8,0,10,10,10,10,10,10,10,10,10,10,5,5,"irrigated",100,100,50,NA,53,0,14,13.5,14.7,13.7,0,-1,13.7,14.7,0.656479102304278,"BRR",NA,NA,6.24167393199651,6.89815303430079,6.24167393199651,NA
"SGHHNG000484","SGEANG000109","event6R","kano",68.8,62.8,0,10,10,10,10,10,10,10,10,10,10,5,5,"irrigated",100,100,50,NA,53,0,14,13.5,14.7,13.7,0,-1,13.7,14.7,0.656479102304278,"SSR",NA,NA,6.89815303430079,6.89815303430079,6.24167393199651,NA
"SGHHNG000485","SGEANG000109","event6R","kano",49.4,45.8,0,10,10,10,10,10,10,10,10,10,10,5,5,"irrigated",100,100,50,NA,54,0,16.6,17.7,15.3,17.3,0,2,17.3,15.3,0.272662219984339,"BRR",NA,NA,4.52836079791847,4.80102301790281,4.52836079791847,NA
"SGHHNG000485","SGEANG000109","event6R","kano",49.4,45.8,0,10,10,10,10,10,10,10,10,10,10,5,5,"irrigated",100,100,50,NA,54,0,16.6,17.7,15.3,17.3,0,2,17.3,15.3,0.272662219984339,"SSR",NA,NA,4.80102301790281,4.80102301790281,4.52836079791847,NA
"SGHHNG000486","SGEANG000109","event6R","kano",65.8,60.4,0,10,10,10,10,10,10,10,10,10,10,5,5,"irrigated",100,100,50,NA,55,0,16.7,17.1,16.5666666666667,16.8,0,0.233333333333334,16.8,16.5666666666667,0.515254268825334,"BRR",NA,NA,5.90700600514727,6.4222602739726,5.90700600514727,NA
"SGHHNG000486","SGEANG000109","event6R","kano",65.8,60.4,0,10,10,10,10,10,10,10,10,10,10,5,5,"irrigated",100,100,50,NA,55,0,16.7,17.1,16.5666666666667,16.8,0,0.233333333333334,16.8,16.5666666666667,0.515254268825334,"SSR",NA,NA,6.4222602739726,6.4222602739726,5.90700600514727,NA
"SGHHNG000487","SGEANG000109","event6R","kano",65.7,61.8,0,10,10,10,10,10,10,10,10,10,10,5,5,"irrigated",100,100,50,NA,56,0,15.8,16.8,16.4,16.8333333333333,0,0.433333333333334,16.8333333333333,16.4,0.358093151168437,"BRR",NA,NA,6.05257731958763,6.41067047075606,6.05257731958763,NA
"SGHHNG000487","SGEANG000109","event6R","kano",65.7,61.8,0,10,10,10,10,10,10,10,10,10,10,5,5,"irrigated",100,100,50,NA,56,0,15.8,16.8,16.4,16.8333333333333,0,0.433333333333334,16.8333333333333,16.4,0.358093151168437,"SSR",NA,NA,6.41067047075606,6.41067047075606,6.05257731958763,NA
"SGHHNG000488","SGEANG000109","event6R","kano",53.4,49.7,0,10,10,10,10,10,10,10,10,10,10,5,5,"irrigated",100,100,50,NA,57,0,14.2,13.5,12.2,12.6666666666667,0,0.466666666666667,12.6666666666667,12.2,0.353462645951331,"BRR",NA,NA,5.04973262032086,5.40319526627219,5.04973262032086,NA
"SGHHNG000488","SGEANG000109","event6R","kano",53.4,49.7,0,10,10,10,10,10,10,10,10,10,10,5,5,"irrigated",100,100,50,NA,57,0,14.2,13.5,12.2,12.6666666666667,0,0.466666666666667,12.6666666666667,12.2,0.353462645951331,"SSR",NA,NA,5.40319526627219,5.40319526627219,5.04973262032086,NA
"SGHHNG000490","SGEANG000109","event6R","kano",55.5,49.4,21.4,10.2,10.1,10,10,10,10,10,10,10,10,5,5,"irrigated",101.5,100,50,4.17025641025641,58,15.3,17.6,18.6,17.4666666666667,18.0666666666667,17,0.600000000000001,1.06666666666667,0.466666666666665,0.635476102330927,"BRR",0.553104302771216,1.18858040510214,4.72336071302763,5.35883681535855,4.72336071302763,0.553104302771216
"SGHHNG000490","SGEANG000109","event6R","kano",55.5,49.4,21.4,10.2,10.1,10,10,10,10,10,10,10,10,5,5,"irrigated",101.5,100,50,4.17025641025641,58,15.3,17.6,18.6,17.4666666666667,18.0666666666667,17,0.600000000000001,1.06666666666667,0.466666666666665,0.635476102330927,"SSR",0.553104302771216,1.18858040510214,5.35883681535855,5.35883681535855,4.72336071302763,1.18858040510214
"SGHHNG000498","SGEANG000108","event6R","kano",57.77,59.23,9.63,10,10,9.3,10,10,10,10,10,10,10,5,5,"irrigated",96.5,100,50,1.89170591614015,59,16,16.5,16.8,16.5666666666667,16.5,16.0666666666667,-0.0666666666666664,0.433333333333334,0.5,-0.349645825812846,"BRR",4.11096995259115,3.7613241267783,6.0026758687313,5.65303004291845,6.0026758687313,4.11096995259115
"SGHHNG000498","SGEANG000108","event6R","kano",57.77,59.23,9.63,10,10,9.3,10,10,10,10,10,10,10,5,5,"irrigated",96.5,100,50,1.89170591614015,59,16,16.5,16.8,16.5666666666667,16.5,16.0666666666667,-0.0666666666666664,0.433333333333334,0.5,-0.349645825812846,"SSR",4.11096995259115,3.7613241267783,5.65303004291845,5.65303004291845,6.0026758687313,3.7613241267783
"SGHHNG000499","SGEANG000108","event6R","kano",36.25,31.83,0,10,10,9,9,10,10,9,9,10,10,5,5,"irrigated",90,90,50,NA,60,0,17.7,17.4,17.7,17.4333333333333,0,-0.266666666666666,17.4333333333333,17.7,0.484531339268037,"BRR",NA,NA,3.42548853016143,3.91001986942946,3.42548853016143,NA
"SGHHNG000499","SGEANG000108","event6R","kano",36.25,31.83,0,10,10,9,9,10,10,9,9,10,10,5,5,"irrigated",90,90,50,NA,60,0,17.7,17.4,17.7,17.4333333333333,0,-0.266666666666666,17.4333333333333,17.7,0.484531339268037,"SSR",NA,NA,3.91001986942946,3.91001986942946,3.42548853016143,NA
"SGHHNG000500","SGEANG000108","event6R","kano",53.28,58.53,0,10,10,10,10,10,10,10,10,10,10,5,5,"irrigated",100,100,50,NA,61,0,16.7,16.5,16.7333333333333,16.5,0,-0.233333333333334,16.5,16.7333333333333,-0.502285649156953,"BRR",NA,NA,5.71595088520846,5.2136652360515,5.71595088520846,NA
"SGHHNG000500","SGEANG000108","event6R","kano",53.28,58.53,0,10,10,10,10,10,10,10,10,10,10,5,5,"irrigated",100,100,50,NA,61,0,16.7,16.5,16.7333333333333,16.5,0,-0.233333333333334,16.5,16.7333333333333,-0.502285649156953,"SSR",NA,NA,5.2136652360515,5.2136652360515,5.71595088520846,NA
"SGHHNG000502","SGEANG000108","event6R","kano",52.57,48.92,0,10,10,10,10,10,10,10,10,10,10,5,5,"irrigated",100,100,50,NA,62,0,20.2,20,19.2,20.0333333333333,0,0.833333333333336,20.0333333333333,19.2,0.314172517328336,"BRR",NA,NA,4.67859060402685,4.99276312135518,4.67859060402685,NA
"SGHHNG000502","SGEANG000108","event6R","kano",52.57,48.92,0,10,10,10,10,10,10,10,10,10,10,5,5,"irrigated",100,100,50,NA,62,0,20.2,20,19.2,20.0333333333333,0,0.833333333333336,20.0333333333333,19.2,0.314172517328336,"SSR",NA,NA,4.99276312135518,4.99276312135518,4.67859060402685,NA
"SGHHNG000503","SGEANG000108","event6R","kano",54.3,50.46,0,10,10,10,10,10,10,10,10,10,10,5,5,"irrigated",100,100,50,NA,63,0,20.7,20.5,22.8333333333333,22.1666666666667,0,-0.666666666666664,22.1666666666667,22.8333333333333,0.383886091062729,"BRR",NA,NA,4.68312618724559,5.06701227830832,4.68312618724559,NA
"SGHHNG000503","SGEANG000108","event6R","kano",54.3,50.46,0,10,10,10,10,10,10,10,10,10,10,5,5,"irrigated",100,100,50,NA,63,0,20.7,20.5,22.8333333333333,22.1666666666667,0,-0.666666666666664,22.1666666666667,22.8333333333333,0.383886091062729,"SSR",NA,NA,5.06701227830832,5.06701227830832,4.68312618724559,NA
"SGHHNG000504","SGEANG000108","event6R","kano",49.78,45.42,0,10,10,10,10,10,10,10,10,10,10,5,5,"irrigated",100,100,50,NA,64,0,17.8,18,17.8666666666667,18,0,0.133333333333333,18,17.8666666666667,0.416256499731576,"BRR",NA,NA,4.39299773755656,4.80925423728814,4.39299773755656,NA
"SGHHNG000504","SGEANG000108","event6R","kano",49.78,45.42,0,10,10,10,10,10,10,10,10,10,10,5,5,"irrigated",100,100,50,NA,64,0,17.8,18,17.8666666666667,18,0,0.133333333333333,18,17.8666666666667,0.416256499731576,"SSR",NA,NA,4.80925423728814,4.80925423728814,4.39299773755656,NA
"SGHHNG000505","SGEANG000108","event6R","kano",39.46,35.73,12.5,10,10,10,10,10,10,10,10,10,10,5,5,"irrigated",100,100,50,2.41593670528398,65,17.9,18.7,18.3,18.5666666666667,18.5,17.9666666666667,-0.0666666666666664,0.533333333333335,0.600000000000001,0.360768148382759,"BRR",1.01944704506744,1.3802151934502,3.43538375035142,3.79615189873418,3.43538375035142,1.01944704506744
"SGHHNG000505","SGEANG000108","event6R","kano",39.46,35.73,12.5,10,10,10,10,10,10,10,10,10,10,5,5,"irrigated",100,100,50,2.41593670528398,65,17.9,18.7,18.3,18.5666666666667,18.5,17.9666666666667,-0.0666666666666664,0.533333333333335,0.600000000000001,0.360768148382759,"SSR",1.01944704506744,1.3802151934502,3.79615189873418,3.79615189873418,3.43538375035142,1.3802151934502
"SGHHNG000506","SGEANG000108","event6R","kano",36.5,33.83,0,10,10,10,10,10,10,10,10,10,10,5,5,"irrigated",100,100,50,NA,66,0,16.6,16.6,16.5333333333333,16.5333333333333,0,3.5527136788005e-15,16.5333333333333,16.5333333333333,0.261195652173913,"BRR",NA,NA,3.30945652173913,3.57065217391304,3.30945652173913,NA
"SGHHNG000506","SGEANG000108","event6R","kano",36.5,33.83,0,10,10,10,10,10,10,10,10,10,10,5,5,"irrigated",100,100,50,NA,66,0,16.6,16.6,16.5333333333333,16.5333333333333,0,3.5527136788005e-15,16.5333333333333,16.5333333333333,0.261195652173913,"SSR",NA,NA,3.57065217391304,3.57065217391304,3.30945652173913,NA
"SGHHNG000507","SGEANG000108","event6R","kano",64.5,67.65,8.62,11,11,9,9,11,11,9,9,9,9,6,6,"irrigated",99,99,54,1.53481398181989,67,18.5,19.6,18.5,19.7666666666667,18.5,18.5666666666667,-1.26666666666667,-0.0666666666666664,1.2,-0.236573245659125,"BRR",4.96949996195968,4.73292671630055,6.50431394377957,6.26774069812044,6.50431394377957,4.96949996195968
"SGHHNG000507","SGEANG000108","event6R","kano",64.5,67.65,8.62,11,11,9,9,11,11,9,9,9,9,6,6,"irrigated",99,99,54,1.53481398181989,67,18.5,19.6,18.5,19.7666666666667,18.5,18.5666666666667,-1.26666666666667,-0.0666666666666664,1.2,-0.236573245659125,"SSR",4.96949996195968,4.73292671630055,6.26774069812044,6.26774069812044,6.50431394377957,4.73292671630055
"SGHHNG000513","SGEANG000107","event6R","kano",40.6,33.3,21.1,10,10,10,10,10,10,10,10,10,10,5,5,"irrigated",100,100,50,4.16880415944541,68,14.9,16.9,15.3,17.3333333333333,15.4333333333333,15.4,-1.9,0.0333333333333332,1.93333333333334,0.774189335967239,"BRR",-0.933406432172683,-0.159217096205444,3.23539772727273,4.00958706323997,3.23539772727273,-0.933406432172683
"SGHHNG000513","SGEANG000107","event6R","kano",40.6,33.3,21.1,10,10,10,10,10,10,10,10,10,10,5,5,"irrigated",100,100,50,4.16880415944541,68,14.9,16.9,15.3,17.3333333333333,15.4333333333333,15.4,-1.9,0.0333333333333332,1.93333333333334,0.774189335967239,"SSR",-0.933406432172683,-0.159217096205444,4.00958706323997,4.00958706323997,3.23539772727273,-0.159217096205444
"SGHHNG000516","SGEANG000107","event6R","kano",32,29.7,13.4,10,10,10,10,10,10,10,10,10,10,5,5,"irrigated",100,100,50,2.65054945054945,69,14.6,14.9,15.1,15.7,16.1,15.2666666666667,0.4,0.833333333333334,0.433333333333334,0.215757583878828,"BRR",0.275811828620818,0.491569412499646,2.92636127917027,3.1421188630491,2.92636127917027,0.275811828620818
"SGHHNG000516","SGEANG000107","event6R","kano",32,29.7,13.4,10,10,10,10,10,10,10,10,10,10,5,5,"irrigated",100,100,50,2.65054945054945,69,14.6,14.9,15.1,15.7,16.1,15.2666666666667,0.4,0.833333333333334,0.433333333333334,0.215757583878828,"SSR",0.275811828620818,0.491569412499646,3.1421188630491,3.1421188630491,2.92636127917027,0.491569412499646
"SGHHNG000520","SGEANG000107","event6R","kano",45.5,39.5,19.9,10,10,10,10,10,10,10,10,10,10,5,5,"rainfedLowland",100,100,50,4.02948490230906,70,13.2,13.5,14.1,13.6666666666667,13.0333333333333,12.6,-0.633333333333333,0.433333333333334,1.06666666666667,0.627328247707622,"BRR",-0.067901324596451,0.559426923111171,3.96158357771261,4.58891182542023,3.96158357771261,-0.067901324596451
"SGHHNG000520","SGEANG000107","event6R","kano",45.5,39.5,19.9,10,10,10,10,10,10,10,10,10,10,5,5,"rainfedLowland",100,100,50,4.02948490230906,70,13.2,13.5,14.1,13.6666666666667,13.0333333333333,12.6,-0.633333333333333,0.433333333333334,1.06666666666667,0.627328247707622,"SSR",-0.067901324596451,0.559426923111171,4.58891182542023,4.58891182542023,3.96158357771261,0.559426923111171
"SGHHNG000521","SGEANG000107","event6R","kano",16.8,15.1,5.5,10,10,10,10,10,10,10,10,10,10,5,5,"irrigated",100,100,50,1.114336492891,71,13,14.3,13.8,14.1,14.7666666666667,12.5333333333333,0.666666666666668,2.23333333333333,1.56666666666667,0.16010062968647,"BRR",0.394340106583146,0.554440736269616,1.50867659947415,1.66877722916062,1.50867659947415,0.394340106583146
"SGHHNG000521","SGEANG000107","event6R","kano",16.8,15.1,5.5,10,10,10,10,10,10,10,10,10,10,5,5,"irrigated",100,100,50,1.114336492891,71,13,14.3,13.8,14.1,14.7666666666667,12.5333333333333,0.666666666666668,2.23333333333333,1.56666666666667,0.16010062968647,"SSR",0.394340106583146,0.554440736269616,1.66877722916062,1.66877722916062,1.50867659947415,0.554440736269616
"SGHHNG000525","SGEANG000107","event6R","kano",47.1,43.1,17.3,10,10,10,10,10,10,10,10,10,10,5,5,"irrigated",100,100,50,3.45595794392524,72,14.3,14.9,14.3,15.5333333333333,14.9333333333333,14.1333333333333,-0.6,0.800000000000001,1.4,0.418953125020919,"BRR",0.796840671193054,1.21579379621397,4.25279861511829,4.67175174013921,4.25279861511829,0.796840671193054
"SGHHNG000525","SGEANG000107","event6R","kano",47.1,43.1,17.3,10,10,10,10,10,10,10,10,10,10,5,5,"irrigated",100,100,50,3.45595794392524,72,14.3,14.9,14.3,15.5333333333333,14.9333333333333,14.1333333333333,-0.6,0.800000000000001,1.4,0.418953125020919,"SSR",0.796840671193054,1.21579379621397,4.67175174013921,4.67175174013921,4.25279861511829,1.21579379621397
"SGHHNG000526","SGEANG000107","event6R","kano",47.3,39.2,14.2,10,10,10,10,10,10,10,10,10,10,5,5,"irrigated",100,100,50,2.8408306522375,73,12.3,14.3,14.1,14.2666666666667,14.1,13.9666666666667,-0.166666666666668,0.133333333333333,0.300000000000001,0.815002704949804,"BRR",1.07002115639727,1.88502386134707,3.91085180863477,4.72585451358457,3.91085180863477,1.07002115639727
"SGHHNG000526","SGEANG000107","event6R","kano",47.3,39.2,14.2,10,10,10,10,10,10,10,10,10,10,5,5,"irrigated",100,100,50,2.8408306522375,73,12.3,14.3,14.1,14.2666666666667,14.1,13.9666666666667,-0.166666666666668,0.133333333333333,0.300000000000001,0.815002704949804,"SSR",1.07002115639727,1.88502386134707,4.72585451358457,4.72585451358457,3.91085180863477,1.88502386134707
"SGHHNG000529","SGEANG000107","event6R","kano",35.1,32.6,12.3,10,10,10,10,10,10,10,10,10,10,5,5,"irrigated",100,100,50,2.51816821310985,74,12.3,12.7,13.2,12.6333333333333,12.9333333333333,11.3666666666667,0.300000000000001,1.56666666666667,1.26666666666667,0.243596220562241,"BRR",0.781387868571122,1.02498408913336,3.29955608168097,3.54315230224321,3.29955608168097,0.781387868571122
"SGHHNG000529","SGEANG000107","event6R","kano",35.1,32.6,12.3,10,10,10,10,10,10,10,10,10,10,5,5,"irrigated",100,100,50,2.51816821310985,74,12.3,12.7,13.2,12.6333333333333,12.9333333333333,11.3666666666667,0.300000000000001,1.56666666666667,1.26666666666667,0.243596220562241,"SSR",0.781387868571122,1.02498408913336,3.54315230224321,3.54315230224321,3.29955608168097,1.02498408913336
